pack_id,part,audio_id,target_file,speakers,transcript,questions_covered
pq-mock-a,1,pq-mock-a-l1-1,assets/audio/mock_bank/pq-mock-a/pq-mock-a-l1-1.mp3,Girl | Boy,"Girl: Is the bus still leaving at quarter past eight? Boy: No, the driver called. It will leave at half past eight.",1
pq-mock-a,1,pq-mock-a-l1-2,assets/audio/mock_bank/pq-mock-a/pq-mock-a-l1-2.mp3,Boy | Girl,"Boy: Did Mia choose tennis? Girl: She wanted to, but it was full, so she joined drama instead.",1
pq-mock-a,1,pq-mock-a-l1-3,assets/audio/mock_bank/pq-mock-a/pq-mock-a-l1-3.mp3,Woman,Woman: Your notebook isn't on the desk. I put it in the blue bag so you wouldn't forget it.,1
pq-mock-a,1,pq-mock-a-l1-4,assets/audio/mock_bank/pq-mock-a/pq-mock-a-l1-4.mp3,Mum,Mum: We still have milk and plenty of apples. Could you get some bread on your way home?,1
pq-mock-a,1,pq-mock-a-l1-5,assets/audio/mock_bank/pq-mock-a/pq-mock-a-l1-5.mp3,Girl | Boy,"Girl: Dad offered to drive us, but the traffic is terrible. Boy: Then let's take the train.",1
pq-mock-a,1,pq-mock-a-l1-6,assets/audio/mock_bank/pq-mock-a/pq-mock-a-l1-6.mp3,Boy,"Boy: It stopped raining an hour ago and the sun is out, but the wind is really strong.",1
pq-mock-a,1,pq-mock-a-l1-7,assets/audio/mock_bank/pq-mock-a/pq-mock-a-l1-7.mp3,Teacher,"Teacher: The notice says Room 6, but we've moved to Room 8 because Room 6 has a class in it.",1
pq-mock-a,2,pq-mock-a-l2-1,assets/audio/mock_bank/pq-mock-a/pq-mock-a-l2-1.mp3,Emma,"Emma: I didn't win anything, but I finally learned how to edit a video properly.",1
pq-mock-a,2,pq-mock-a-l2-2,assets/audio/mock_bank/pq-mock-a/pq-mock-a-l2-2.mp3,Josh,"Josh: The equipment was easy, and the group was friendly. I just walked past the building twice before I saw the sign.",1
pq-mock-a,2,pq-mock-a-l2-3,assets/audio/mock_bank/pq-mock-a/pq-mock-a-l2-3.mp3,Speaker,"Speaker: You can arrive at any time and food is available there, but you really should reserve your place on the website.",1
pq-mock-a,2,pq-mock-a-l2-4,assets/audio/mock_bank/pq-mock-a/pq-mock-a-l2-4.mp3,Woman,"Woman: The venue and ticket price are the same, but we've moved it from Saturday to Sunday.",1
pq-mock-a,2,pq-mock-a-l2-5,assets/audio/mock_bank/pq-mock-a/pq-mock-a-l2-5.mp3,Student,"Student: I had my notebook and water, but my tablet battery died because I left the charger at home.",1
pq-mock-a,2,pq-mock-a-l2-6,assets/audio/mock_bank/pq-mock-a/pq-mock-a-l2-6.mp3,Speaker,"Speaker: If you enjoy making things and meeting other students, our new design club starts next month. Here's how to join.",1
pq-mock-a,3,pq-mock-a-l3-shared,assets/audio/mock_bank/pq-mock-a/pq-mock-a-l3-shared.mp3,Speaker,"Welcome to the Riverside activity day. It takes place on Saturday 18 May and begins at nine thirty. Please meet outside the sports hall. Everyone should bring a light jacket because some activities are outdoors. Lunch will be served in the garden room, and the final bus back to school leaves at four fifteen.",6
pq-mock-a,4,pq-mock-a-l4-shared,assets/audio/mock_bank/pq-mock-a/pq-mock-a-l4-shared.mp3,Interviewer | Maya,"Interviewer: Today I'm talking to Maya, who started a student book exchange. Maya, why did you begin it? Maya: I noticed that many good books were sitting unread at home. I wanted students to swap them instead of buying new ones. Interviewer: Was it difficult to organise? Maya: The first week was confusing because we had no labels, but a teacher suggested a simple colour system. Interviewer: What do students like most? Maya: They often mention discovering books they would never have chosen in a shop. Interviewer: And next? Maya: We plan to invite families to one exchange afternoon each term.",6
pq-mock-b,1,pq-mock-b-l1-1,assets/audio/mock_bank/pq-mock-b/pq-mock-b-l1-1.mp3,Girl | Boy,"Girl: Is the bus still leaving at quarter past eight? Boy: No, the driver called. It will leave at half past eight.",1
pq-mock-b,1,pq-mock-b-l1-2,assets/audio/mock_bank/pq-mock-b/pq-mock-b-l1-2.mp3,Boy | Girl,"Boy: Did Mia choose tennis? Girl: She wanted to, but it was full, so she joined drama instead.",1
pq-mock-b,1,pq-mock-b-l1-3,assets/audio/mock_bank/pq-mock-b/pq-mock-b-l1-3.mp3,Woman,Woman: Your notebook isn't on the desk. I put it in the blue bag so you wouldn't forget it.,1
pq-mock-b,1,pq-mock-b-l1-4,assets/audio/mock_bank/pq-mock-b/pq-mock-b-l1-4.mp3,Mum,Mum: We still have milk and plenty of apples. Could you get some bread on your way home?,1
pq-mock-b,1,pq-mock-b-l1-5,assets/audio/mock_bank/pq-mock-b/pq-mock-b-l1-5.mp3,Girl | Boy,"Girl: Dad offered to drive us, but the traffic is terrible. Boy: Then let's take the train.",1
pq-mock-b,1,pq-mock-b-l1-6,assets/audio/mock_bank/pq-mock-b/pq-mock-b-l1-6.mp3,Boy,"Boy: It stopped raining an hour ago and the sun is out, but the wind is really strong.",1
pq-mock-b,1,pq-mock-b-l1-7,assets/audio/mock_bank/pq-mock-b/pq-mock-b-l1-7.mp3,Teacher,"Teacher: The notice says Room 6, but we've moved to Room 8 because Room 6 has a class in it.",1
pq-mock-b,2,pq-mock-b-l2-1,assets/audio/mock_bank/pq-mock-b/pq-mock-b-l2-1.mp3,Emma,"Emma: I didn't win anything, but I finally learned how to edit a video properly.",1
pq-mock-b,2,pq-mock-b-l2-2,assets/audio/mock_bank/pq-mock-b/pq-mock-b-l2-2.mp3,Josh,"Josh: The equipment was easy, and the group was friendly. I just walked past the building twice before I saw the sign.",1
pq-mock-b,2,pq-mock-b-l2-3,assets/audio/mock_bank/pq-mock-b/pq-mock-b-l2-3.mp3,Speaker,"Speaker: You can arrive at any time and food is available there, but you really should reserve your place on the website.",1
pq-mock-b,2,pq-mock-b-l2-4,assets/audio/mock_bank/pq-mock-b/pq-mock-b-l2-4.mp3,Woman,"Woman: The venue and ticket price are the same, but we've moved it from Saturday to Sunday.",1
pq-mock-b,2,pq-mock-b-l2-5,assets/audio/mock_bank/pq-mock-b/pq-mock-b-l2-5.mp3,Student,"Student: I had my notebook and water, but my tablet battery died because I left the charger at home.",1
pq-mock-b,2,pq-mock-b-l2-6,assets/audio/mock_bank/pq-mock-b/pq-mock-b-l2-6.mp3,Speaker,"Speaker: If you enjoy making things and meeting other students, our new design club starts next month. Here's how to join.",1
pq-mock-b,3,pq-mock-b-l3-shared,assets/audio/mock_bank/pq-mock-b/pq-mock-b-l3-shared.mp3,Speaker,"Welcome to the Riverside activity day. It takes place on Saturday 18 May and begins at nine thirty. Please meet outside the sports hall. Everyone should bring a light jacket because some activities are outdoors. Lunch will be served in the garden room, and the final bus back to school leaves at four fifteen.",6
pq-mock-b,4,pq-mock-b-l4-shared,assets/audio/mock_bank/pq-mock-b/pq-mock-b-l4-shared.mp3,Interviewer | Maya,"Interviewer: Today I'm talking to Maya, who started a student book exchange. Maya, why did you begin it? Maya: I noticed that many good books were sitting unread at home. I wanted students to swap them instead of buying new ones. Interviewer: Was it difficult to organise? Maya: The first week was confusing because we had no labels, but a teacher suggested a simple colour system. Interviewer: What do students like most? Maya: They often mention discovering books they would never have chosen in a shop. Interviewer: And next? Maya: We plan to invite families to one exchange afternoon each term.",6
pq-mock-c,1,pq-mock-c-l1-1,assets/audio/mock_bank/pq-mock-c/pq-mock-c-l1-1.mp3,Girl | Boy,"Girl: Is the bus still leaving at quarter past eight? Boy: No, the driver called. It will leave at half past eight.",1
pq-mock-c,1,pq-mock-c-l1-2,assets/audio/mock_bank/pq-mock-c/pq-mock-c-l1-2.mp3,Boy | Girl,"Boy: Did Mia choose tennis? Girl: She wanted to, but it was full, so she joined drama instead.",1
pq-mock-c,1,pq-mock-c-l1-3,assets/audio/mock_bank/pq-mock-c/pq-mock-c-l1-3.mp3,Woman,Woman: Your notebook isn't on the desk. I put it in the blue bag so you wouldn't forget it.,1
pq-mock-c,1,pq-mock-c-l1-4,assets/audio/mock_bank/pq-mock-c/pq-mock-c-l1-4.mp3,Mum,Mum: We still have milk and plenty of apples. Could you get some bread on your way home?,1
pq-mock-c,1,pq-mock-c-l1-5,assets/audio/mock_bank/pq-mock-c/pq-mock-c-l1-5.mp3,Girl | Boy,"Girl: Dad offered to drive us, but the traffic is terrible. Boy: Then let's take the train.",1
pq-mock-c,1,pq-mock-c-l1-6,assets/audio/mock_bank/pq-mock-c/pq-mock-c-l1-6.mp3,Boy,"Boy: It stopped raining an hour ago and the sun is out, but the wind is really strong.",1
pq-mock-c,1,pq-mock-c-l1-7,assets/audio/mock_bank/pq-mock-c/pq-mock-c-l1-7.mp3,Teacher,"Teacher: The notice says Room 6, but we've moved to Room 8 because Room 6 has a class in it.",1
pq-mock-c,2,pq-mock-c-l2-1,assets/audio/mock_bank/pq-mock-c/pq-mock-c-l2-1.mp3,Emma,"Emma: I didn't win anything, but I finally learned how to edit a video properly.",1
pq-mock-c,2,pq-mock-c-l2-2,assets/audio/mock_bank/pq-mock-c/pq-mock-c-l2-2.mp3,Josh,"Josh: The equipment was easy, and the group was friendly. I just walked past the building twice before I saw the sign.",1
pq-mock-c,2,pq-mock-c-l2-3,assets/audio/mock_bank/pq-mock-c/pq-mock-c-l2-3.mp3,Speaker,"Speaker: You can arrive at any time and food is available there, but you really should reserve your place on the website.",1
pq-mock-c,2,pq-mock-c-l2-4,assets/audio/mock_bank/pq-mock-c/pq-mock-c-l2-4.mp3,Woman,"Woman: The venue and ticket price are the same, but we've moved it from Saturday to Sunday.",1
pq-mock-c,2,pq-mock-c-l2-5,assets/audio/mock_bank/pq-mock-c/pq-mock-c-l2-5.mp3,Student,"Student: I had my notebook and water, but my tablet battery died because I left the charger at home.",1
pq-mock-c,2,pq-mock-c-l2-6,assets/audio/mock_bank/pq-mock-c/pq-mock-c-l2-6.mp3,Speaker,"Speaker: If you enjoy making things and meeting other students, our new design club starts next month. Here's how to join.",1
pq-mock-c,3,pq-mock-c-l3-shared,assets/audio/mock_bank/pq-mock-c/pq-mock-c-l3-shared.mp3,Speaker,"Welcome to the Riverside activity day. It takes place on Saturday 18 May and begins at nine thirty. Please meet outside the sports hall. Everyone should bring a light jacket because some activities are outdoors. Lunch will be served in the garden room, and the final bus back to school leaves at four fifteen.",6
pq-mock-c,4,pq-mock-c-l4-shared,assets/audio/mock_bank/pq-mock-c/pq-mock-c-l4-shared.mp3,Interviewer | Maya,"Interviewer: Today I'm talking to Maya, who started a student book exchange. Maya, why did you begin it? Maya: I noticed that many good books were sitting unread at home. I wanted students to swap them instead of buying new ones. Interviewer: Was it difficult to organise? Maya: The first week was confusing because we had no labels, but a teacher suggested a simple colour system. Interviewer: What do students like most? Maya: They often mention discovering books they would never have chosen in a shop. Interviewer: And next? Maya: We plan to invite families to one exchange afternoon each term.",6
