mock,skill,part,item,cefr_target,target_skill,correct_answer,ambiguity,grammar_level,vocabulary_level,cultural_dependency,answer_supported_by_source,reviewer_1,reviewer_2,final_status,production_eligible,reasons
A,Reading,1,pq-mock-a-r1-1,B1,short message comprehension,Get a key from reception,NONE,B1,B1,NONE,YES,PASS,PASS,APPROVED_INTERNAL_QA,True,No blocking issue found in the two internal audit passes.
A,Reading,1,pq-mock-a-r1-2,B1,short message comprehension,The usual room is unavailable,NONE,B1,B1,NONE,YES,PASS,PASS,APPROVED_INTERNAL_QA,True,No blocking issue found in the two internal audit passes.
A,Reading,1,pq-mock-a-r1-3,B1,short message comprehension,Lunch,NONE,B1,B1,NONE,YES,PASS,PASS,APPROVED_INTERNAL_QA,True,No blocking issue found in the two internal audit passes.
A,Reading,1,pq-mock-a-r1-4,B1,short message comprehension,The swimming pool,NONE,B1,B1,NONE,YES,PASS,PASS,APPROVED_INTERNAL_QA,True,No blocking issue found in the two internal audit passes.
A,Reading,1,pq-mock-a-r1-5,B1,short message comprehension,5:30,NONE,B1,B1,NONE,YES,PASS,PASS,APPROVED_INTERNAL_QA,True,No blocking issue found in the two internal audit passes.
A,Reading,2,pq-mock-a-r2-1,B1,matching specific needs to texts,A,NONE,B1,B1,NONE,YES,PASS,PASS,APPROVED_INTERNAL_QA,True,No blocking issue found in the two internal audit passes.
A,Reading,2,pq-mock-a-r2-2,B1,matching specific needs to texts,B,NONE,B1,B1,NONE,YES,PASS,PASS,APPROVED_INTERNAL_QA,True,No blocking issue found in the two internal audit passes.
A,Reading,2,pq-mock-a-r2-3,B1,matching specific needs to texts,C,NONE,B1,B1,NONE,YES,PASS,PASS,APPROVED_INTERNAL_QA,True,No blocking issue found in the two internal audit passes.
A,Reading,2,pq-mock-a-r2-4,B1,matching specific needs to texts,D,NONE,B1,B1,NONE,YES,PASS,PASS,APPROVED_INTERNAL_QA,True,No blocking issue found in the two internal audit passes.
A,Reading,2,pq-mock-a-r2-5,B1,matching specific needs to texts,E,NONE,B1,B1,NONE,YES,PASS,PASS,APPROVED_INTERNAL_QA,True,No blocking issue found in the two internal audit passes.
A,Reading,3,pq-mock-a-r3-1,B1,detailed comprehension,A survey showed demand for a calm area,NONE,B1,B1,NONE,YES,PASS,PASS,APPROVED_INTERNAL_QA,True,No blocking issue found in the two internal audit passes.
A,Reading,3,pq-mock-a-r3-2,B1,detailed comprehension,They repaired existing benches,NONE,B1,B1,NONE,YES,PASS,PASS,APPROVED_INTERNAL_QA,True,No blocking issue found in the two internal audit passes.
A,Reading,3,pq-mock-a-r3-3,B1,detailed comprehension,The rule about phones,NONE,B1,B1,NONE,YES,PASS,PASS,APPROVED_INTERNAL_QA,True,No blocking issue found in the two internal audit passes.
A,Reading,3,pq-mock-a-r3-4,B1,detailed comprehension,How different age groups used it together,NONE,B1,B1,NONE,YES,PASS,PASS,APPROVED_INTERNAL_QA,True,No blocking issue found in the two internal audit passes.
A,Reading,3,pq-mock-a-r3-5,B1,detailed comprehension,A covered book box,NONE,B1,B1,NONE,YES,PASS,PASS,APPROVED_INTERNAL_QA,True,No blocking issue found in the two internal audit passes.
A,Reading,4,pq-mock-a-r4-1,B1,text cohesion and global coherence,C,NONE,B1,B1,NONE,YES,PASS,PASS,APPROVED_INTERNAL_QA,True,No blocking issue found in the two internal audit passes.
A,Reading,4,pq-mock-a-r4-2,B1,text cohesion and global coherence,D,NONE,B1,B1,NONE,YES,PASS,PASS,APPROVED_INTERNAL_QA,True,No blocking issue found in the two internal audit passes.
A,Reading,4,pq-mock-a-r4-3,B1,text cohesion and global coherence,A,NONE,B1,B1,NONE,YES,PASS,PASS,APPROVED_INTERNAL_QA,True,No blocking issue found in the two internal audit passes.
A,Reading,4,pq-mock-a-r4-4,B1,text cohesion and global coherence,F,NONE,B1,B1,NONE,YES,PASS,PASS,APPROVED_INTERNAL_QA,True,No blocking issue found in the two internal audit passes.
A,Reading,4,pq-mock-a-r4-5,B1,text cohesion and global coherence,H,NONE,B1,B1,NONE,YES,PASS,PASS,APPROVED_INTERNAL_QA,True,No blocking issue found in the two internal audit passes.
A,Reading,5,pq-mock-a-r5-1,B1,lexico-grammatical cloze,make,NONE,B1,B1,NONE,YES,PASS,PASS,APPROVED_INTERNAL_QA,True,No blocking issue found in the two internal audit passes.
A,Reading,5,pq-mock-a-r5-2,B1,lexico-grammatical cloze,so,NONE,B1,B1,NONE,YES,PASS,PASS,APPROVED_INTERNAL_QA,True,No blocking issue found in the two internal audit passes.
A,Reading,5,pq-mock-a-r5-3,B1,lexico-grammatical cloze,suggest,NONE,B1,B1,NONE,YES,PASS,PASS,APPROVED_INTERNAL_QA,True,No blocking issue found in the two internal audit passes.
A,Reading,5,pq-mock-a-r5-4,B1,lexico-grammatical cloze,important,NONE,B1,B1,NONE,YES,PASS,PASS,APPROVED_INTERNAL_QA,True,No blocking issue found in the two internal audit passes.
A,Reading,5,pq-mock-a-r5-5,B1,lexico-grammatical cloze,for,NONE,B1,B1,NONE,YES,PASS,PASS,APPROVED_INTERNAL_QA,True,No blocking issue found in the two internal audit passes.
A,Reading,5,pq-mock-a-r5-6,B1,lexico-grammatical cloze,made,NONE,B1,B1,NONE,YES,PASS,FAIL,REJECTED_FOR_REVISION,False,Sentence is unnatural/incorrect: “has made more confident speakers of us”; target should be rewritten (e.g. “has made us more confident speakers”).
A,Reading,6,pq-mock-a-r6-1,B1,open cloze grammar and cohesion,in,NONE,B1,B1,NONE,YES,PASS,PASS,APPROVED_INTERNAL_QA,True,No blocking issue found in the two internal audit passes.
A,Reading,6,pq-mock-a-r6-2,B1,open cloze grammar and cohesion,a,NONE,B1,B1,NONE,YES,PASS,PASS,APPROVED_INTERNAL_QA,True,No blocking issue found in the two internal audit passes.
A,Reading,6,pq-mock-a-r6-3,B1,open cloze grammar and cohesion,so,NONE,B1,B1,NONE,YES,PASS,PASS,APPROVED_INTERNAL_QA,True,No blocking issue found in the two internal audit passes.
A,Reading,6,pq-mock-a-r6-4,B1,open cloze grammar and cohesion,many,NONE,B1,B1,NONE,YES,PASS,PASS,APPROVED_INTERNAL_QA,True,No blocking issue found in the two internal audit passes.
A,Reading,6,pq-mock-a-r6-5,B1,open cloze grammar and cohesion,which,NONE,B1,B1,NONE,YES,PASS,PASS,APPROVED_INTERNAL_QA,True,No blocking issue found in the two internal audit passes.
A,Reading,6,pq-mock-a-r6-6,B1,open cloze grammar and cohesion,at,NONE,B1,B1,NONE,YES,PASS,PASS,APPROVED_INTERNAL_QA,True,No blocking issue found in the two internal audit passes.
A,Listening,1,pq-mock-a-l1-1,B1,specific information and corrected information,seven forty,NONE,B1,B1,NONE,YES,PASS,PASS,APPROVED_INTERNAL_QA,True,No blocking issue found in the two internal audit passes.
A,Listening,1,pq-mock-a-l1-2,B1,specific information and corrected information,five thirty,NONE,B1,B1,NONE,YES,PASS,PASS,APPROVED_INTERNAL_QA,True,No blocking issue found in the two internal audit passes.
A,Listening,1,pq-mock-a-l1-3,B1,specific information and corrected information,five thirty,NONE,B1,B1,NONE,YES,PASS,PASS,APPROVED_INTERNAL_QA,True,No blocking issue found in the two internal audit passes.
A,Listening,1,pq-mock-a-l1-4,B1,specific information and corrected information,quarter to four,NONE,B1,B1,NONE,YES,PASS,PASS,APPROVED_INTERNAL_QA,True,No blocking issue found in the two internal audit passes.
A,Listening,1,pq-mock-a-l1-5,B1,specific information and corrected information,two twenty,NONE,B1,B1,NONE,YES,PASS,PASS,APPROVED_INTERNAL_QA,True,No blocking issue found in the two internal audit passes.
A,Listening,1,pq-mock-a-l1-6,B1,specific information and corrected information,quarter to four,NONE,B1,B1,NONE,YES,PASS,PASS,APPROVED_INTERNAL_QA,True,No blocking issue found in the two internal audit passes.
A,Listening,1,pq-mock-a-l1-7,B1,specific information and corrected information,ten thirty,NONE,B1,B1,NONE,YES,PASS,PASS,APPROVED_INTERNAL_QA,True,No blocking issue found in the two internal audit passes.
A,Listening,2,pq-mock-a-l2-1,B1,detailed comprehension and decision,prepare a class project,NONE,B1,B1,NONE,YES,PASS,FAIL,REJECTED_FOR_REVISION,False,Listening Part 2 transcript is mechanically templated and contains implausible activity/location combinations; naturalness and distractor quality are below production standard. | Answer-position bias: every Part 2 item in this mock uses option B as the key.
A,Listening,2,pq-mock-a-l2-2,B1,detailed comprehension and decision,practise music,NONE,B1,B1,NONE,YES,PASS,FAIL,REJECTED_FOR_REVISION,False,Listening Part 2 transcript is mechanically templated and contains implausible activity/location combinations; naturalness and distractor quality are below production standard. | Answer-position bias: every Part 2 item in this mock uses option B as the key.
A,Listening,2,pq-mock-a-l2-3,B1,detailed comprehension and decision,play basketball,NONE,B1,B1,NONE,YES,PASS,FAIL,REJECTED_FOR_REVISION,False,Listening Part 2 transcript is mechanically templated and contains implausible activity/location combinations; naturalness and distractor quality are below production standard. | Answer-position bias: every Part 2 item in this mock uses option B as the key.
A,Listening,2,pq-mock-a-l2-4,B1,detailed comprehension and decision,go cycling,NONE,B1,B1,NONE,YES,PASS,FAIL,REJECTED_FOR_REVISION,False,Listening Part 2 transcript is mechanically templated and contains implausible activity/location combinations; naturalness and distractor quality are below production standard. | Answer-position bias: every Part 2 item in this mock uses option B as the key.
A,Listening,2,pq-mock-a-l2-5,B1,detailed comprehension and decision,play basketball,NONE,B1,B1,NONE,YES,PASS,FAIL,REJECTED_FOR_REVISION,False,Listening Part 2 transcript is mechanically templated and contains implausible activity/location combinations; naturalness and distractor quality are below production standard. | Answer-position bias: every Part 2 item in this mock uses option B as the key.
A,Listening,2,pq-mock-a-l2-6,B1,detailed comprehension and decision,have a picnic,NONE,B1,B1,NONE,YES,PASS,FAIL,REJECTED_FOR_REVISION,False,Listening Part 2 transcript is mechanically templated and contains implausible activity/location combinations; naturalness and distractor quality are below production standard. | Answer-position bias: every Part 2 item in this mock uses option B as the key.
A,Listening,3,pq-mock-a-l3-1,B1,specific information and spelling,Wednesday,NONE,B1,B1,NONE,YES,PASS,PASS,APPROVED_INTERNAL_QA,True,No blocking issue found in the two internal audit passes.
A,Listening,3,pq-mock-a-l3-2,B1,specific information and spelling,quarter to four,NONE,B1,B1,NONE,YES,PASS,PASS,APPROVED_INTERNAL_QA,True,No blocking issue found in the two internal audit passes.
A,Listening,3,pq-mock-a-l3-3,B1,specific information and spelling,four pounds,NONE,B1,B1,NONE,YES,PASS,PASS,APPROVED_INTERNAL_QA,True,No blocking issue found in the two internal audit passes.
A,Listening,3,pq-mock-a-l3-4,B1,specific information and spelling,notebook,NONE,B1,B1,NONE,YES,PASS,PASS,APPROVED_INTERNAL_QA,True,No blocking issue found in the two internal audit passes.
A,Listening,3,pq-mock-a-l3-5,B1,specific information and spelling,go swimming,NONE,B1,B1,NONE,YES,PASS,PASS,APPROVED_INTERNAL_QA,True,No blocking issue found in the two internal audit passes.
A,Listening,3,pq-mock-a-l3-6,B1,specific information and spelling,Friday,NONE,B1,B1,NONE,YES,PASS,PASS,APPROVED_INTERNAL_QA,True,No blocking issue found in the two internal audit passes.
A,Listening,4,pq-mock-a-l4-1,B1,"attitude, opinion and detail",go cycling,NONE,B1,B1,NONE,YES,PASS,FAIL,REJECTED_FOR_REVISION,False,"Interview contains semantically weak or illogical causal statements, so the spoken discourse is not natural enough for a production PET mock. | Answer-position bias: every Part 4 item in this mock uses option A as the key."
A,Listening,4,pq-mock-a-l4-2,B1,"attitude, opinion and detail",More confident,NONE,B1,B1,NONE,YES,PASS,FAIL,REJECTED_FOR_REVISION,False,"Interview contains semantically weak or illogical causal statements, so the spoken discourse is not natural enough for a production PET mock. | Answer-position bias: every Part 4 item in this mock uses option A as the key."
A,Listening,4,pq-mock-a-l4-3,B1,"attitude, opinion and detail",Yes,NONE,B1,B1,NONE,YES,PASS,FAIL,REJECTED_FOR_REVISION,False,"Interview contains semantically weak or illogical causal statements, so the spoken discourse is not natural enough for a production PET mock. | Answer-position bias: every Part 4 item in this mock uses option A as the key."
A,Listening,4,pq-mock-a-l4-4,B1,"attitude, opinion and detail",play basketball,NONE,B1,B1,NONE,YES,PASS,FAIL,REJECTED_FOR_REVISION,False,"Interview contains semantically weak or illogical causal statements, so the spoken discourse is not natural enough for a production PET mock. | Answer-position bias: every Part 4 item in this mock uses option A as the key."
A,Listening,4,pq-mock-a-l4-5,B1,"attitude, opinion and detail",music room,NONE,B1,B1,NONE,YES,PASS,FAIL,REJECTED_FOR_REVISION,False,"Interview contains semantically weak or illogical causal statements, so the spoken discourse is not natural enough for a production PET mock. | Answer-position bias: every Part 4 item in this mock uses option A as the key."
A,Listening,4,pq-mock-a-l4-6,B1,"attitude, opinion and detail",Mostly positive,NONE,B1,B1,NONE,YES,PASS,FAIL,REJECTED_FOR_REVISION,False,"Interview contains semantically weak or illogical causal statements, so the spoken discourse is not natural enough for a production PET mock. | Answer-position bias: every Part 4 item in this mock uses option A as the key."
A,Writing,1,pq-mock-a-w1,B1,communicative writing task,,NONE,B1,B1,NONE,N/A,PASS,FAIL,REJECTED_FOR_REVISION,False,Part 1 lacks the full email stimulus/notes interaction expected for strict exam fidelity; current task is a summarized instruction rather than a complete input email with response points.
A,Writing,2,pq-mock-a-w2,B1,communicative writing task,,NONE,B1,B1,NONE,N/A,PASS,PASS,APPROVED_INTERNAL_QA,True,No blocking issue found in the two internal audit passes.
A,Speaking,1,pq-mock-a-s1,B1,personal interview responses,,NONE,B1,B1,NONE,N/A,PASS,PASS,APPROVED_INTERNAL_QA,True,No blocking issue found in the two internal audit passes.
A,Speaking,2,pq-mock-a-s2,B1,extended turn describing a photograph,,NONE,B1,B1,NONE,N/A,FAIL,PASS,REJECTED_FOR_REVISION,False,Part 2 requires a reviewed photo stimulus but no concrete photo_asset is attached.
A,Speaking,3,pq-mock-a-s3,B1,collaborative interaction and negotiation,,NONE,B1,B1,NONE,N/A,PASS,FAIL,REJECTED_FOR_REVISION,False,Part 3 production mock needs reviewed visual stimulus/options; current task only supplies a text list to the simulator.
A,Speaking,4,pq-mock-a-s4,B1,extended discussion,,NONE,B1,B1,NONE,N/A,PASS,PASS,APPROVED_INTERNAL_QA,True,No blocking issue found in the two internal audit passes.
B,Reading,1,pq-mock-b-r1-1,B1,short message comprehension,Get a key from reception,NONE,B1,B1,NONE,YES,PASS,FAIL,REJECTED_FOR_REVISION,False,Cross-mock Reading originality insufficient (aligned similarity 1.00); B/C are shallow-template variants of an earlier form and require independent rewriting for production.
B,Reading,1,pq-mock-b-r1-2,B1,short message comprehension,The usual room is unavailable,NONE,B1,B1,NONE,YES,PASS,FAIL,REJECTED_FOR_REVISION,False,Cross-mock Reading originality insufficient (aligned similarity 1.00); B/C are shallow-template variants of an earlier form and require independent rewriting for production.
B,Reading,1,pq-mock-b-r1-3,B1,short message comprehension,Lunch,NONE,B1,B1,NONE,YES,PASS,FAIL,REJECTED_FOR_REVISION,False,Cross-mock Reading originality insufficient (aligned similarity 1.00); B/C are shallow-template variants of an earlier form and require independent rewriting for production.
B,Reading,1,pq-mock-b-r1-4,B1,short message comprehension,The swimming pool,NONE,B1,B1,NONE,YES,PASS,FAIL,REJECTED_FOR_REVISION,False,Cross-mock Reading originality insufficient (aligned similarity 1.00); B/C are shallow-template variants of an earlier form and require independent rewriting for production.
B,Reading,1,pq-mock-b-r1-5,B1,short message comprehension,5:30,NONE,B1,B1,NONE,YES,PASS,FAIL,REJECTED_FOR_REVISION,False,Cross-mock Reading originality insufficient (aligned similarity 1.00); B/C are shallow-template variants of an earlier form and require independent rewriting for production.
B,Reading,2,pq-mock-b-r2-1,B1,matching specific needs to texts,A,NONE,B1,B1,NONE,YES,PASS,FAIL,REJECTED_FOR_REVISION,False,Cross-mock Reading originality insufficient (aligned similarity 0.99); B/C are shallow-template variants of an earlier form and require independent rewriting for production.
B,Reading,2,pq-mock-b-r2-2,B1,matching specific needs to texts,B,NONE,B1,B1,NONE,YES,PASS,FAIL,REJECTED_FOR_REVISION,False,Cross-mock Reading originality insufficient (aligned similarity 0.99); B/C are shallow-template variants of an earlier form and require independent rewriting for production.
B,Reading,2,pq-mock-b-r2-3,B1,matching specific needs to texts,C,NONE,B1,B1,NONE,YES,PASS,FAIL,REJECTED_FOR_REVISION,False,Cross-mock Reading originality insufficient (aligned similarity 0.99); B/C are shallow-template variants of an earlier form and require independent rewriting for production.
B,Reading,2,pq-mock-b-r2-4,B1,matching specific needs to texts,D,NONE,B1,B1,NONE,YES,PASS,FAIL,REJECTED_FOR_REVISION,False,Cross-mock Reading originality insufficient (aligned similarity 0.99); B/C are shallow-template variants of an earlier form and require independent rewriting for production.
B,Reading,2,pq-mock-b-r2-5,B1,matching specific needs to texts,E,NONE,B1,B1,NONE,YES,PASS,FAIL,REJECTED_FOR_REVISION,False,Cross-mock Reading originality insufficient (aligned similarity 0.99); B/C are shallow-template variants of an earlier form and require independent rewriting for production.
B,Reading,3,pq-mock-b-r3-1,B1,detailed comprehension,A survey showed demand for a calm area,NONE,B1,B1,NONE,YES,PASS,FAIL,REJECTED_FOR_REVISION,False,Cross-mock Reading originality insufficient (aligned similarity 0.83); B/C are shallow-template variants of an earlier form and require independent rewriting for production.
B,Reading,3,pq-mock-b-r3-2,B1,detailed comprehension,They repaired existing benches,NONE,B1,B1,NONE,YES,PASS,FAIL,REJECTED_FOR_REVISION,False,Cross-mock Reading originality insufficient (aligned similarity 0.84); B/C are shallow-template variants of an earlier form and require independent rewriting for production.
B,Reading,3,pq-mock-b-r3-3,B1,detailed comprehension,The rule about phones,NONE,B1,B1,NONE,YES,PASS,FAIL,REJECTED_FOR_REVISION,False,Cross-mock Reading originality insufficient (aligned similarity 0.84); B/C are shallow-template variants of an earlier form and require independent rewriting for production.
B,Reading,3,pq-mock-b-r3-4,B1,detailed comprehension,How different age groups used it together,NONE,B1,B1,NONE,YES,PASS,FAIL,REJECTED_FOR_REVISION,False,Cross-mock Reading originality insufficient (aligned similarity 0.84); B/C are shallow-template variants of an earlier form and require independent rewriting for production.
B,Reading,3,pq-mock-b-r3-5,B1,detailed comprehension,A covered book box,NONE,B1,B1,NONE,YES,PASS,FAIL,REJECTED_FOR_REVISION,False,Cross-mock Reading originality insufficient (aligned similarity 0.82); B/C are shallow-template variants of an earlier form and require independent rewriting for production.
B,Reading,4,pq-mock-b-r4-1,B1,text cohesion and global coherence,C,NONE,B1,B1,NONE,YES,PASS,FAIL,REJECTED_FOR_REVISION,False,Cross-mock Reading originality insufficient (aligned similarity 1.00); B/C are shallow-template variants of an earlier form and require independent rewriting for production.
B,Reading,4,pq-mock-b-r4-2,B1,text cohesion and global coherence,D,NONE,B1,B1,NONE,YES,PASS,FAIL,REJECTED_FOR_REVISION,False,Cross-mock Reading originality insufficient (aligned similarity 1.00); B/C are shallow-template variants of an earlier form and require independent rewriting for production.
B,Reading,4,pq-mock-b-r4-3,B1,text cohesion and global coherence,A,NONE,B1,B1,NONE,YES,PASS,FAIL,REJECTED_FOR_REVISION,False,Cross-mock Reading originality insufficient (aligned similarity 1.00); B/C are shallow-template variants of an earlier form and require independent rewriting for production.
B,Reading,4,pq-mock-b-r4-4,B1,text cohesion and global coherence,F,NONE,B1,B1,NONE,YES,PASS,FAIL,REJECTED_FOR_REVISION,False,Cross-mock Reading originality insufficient (aligned similarity 1.00); B/C are shallow-template variants of an earlier form and require independent rewriting for production.
B,Reading,4,pq-mock-b-r4-5,B1,text cohesion and global coherence,H,NONE,B1,B1,NONE,YES,PASS,FAIL,REJECTED_FOR_REVISION,False,Cross-mock Reading originality insufficient (aligned similarity 1.00); B/C are shallow-template variants of an earlier form and require independent rewriting for production.
B,Reading,5,pq-mock-b-r5-1,B1,lexico-grammatical cloze,make,NONE,B1,B1,NONE,YES,PASS,FAIL,REJECTED_FOR_REVISION,False,Cross-mock Reading originality insufficient (aligned similarity 1.00); B/C are shallow-template variants of an earlier form and require independent rewriting for production.
B,Reading,5,pq-mock-b-r5-2,B1,lexico-grammatical cloze,so,NONE,B1,B1,NONE,YES,PASS,FAIL,REJECTED_FOR_REVISION,False,Cross-mock Reading originality insufficient (aligned similarity 1.00); B/C are shallow-template variants of an earlier form and require independent rewriting for production.
B,Reading,5,pq-mock-b-r5-3,B1,lexico-grammatical cloze,suggest,NONE,B1,B1,NONE,YES,PASS,FAIL,REJECTED_FOR_REVISION,False,Cross-mock Reading originality insufficient (aligned similarity 1.00); B/C are shallow-template variants of an earlier form and require independent rewriting for production.
B,Reading,5,pq-mock-b-r5-4,B1,lexico-grammatical cloze,important,NONE,B1,B1,NONE,YES,PASS,FAIL,REJECTED_FOR_REVISION,False,Cross-mock Reading originality insufficient (aligned similarity 1.00); B/C are shallow-template variants of an earlier form and require independent rewriting for production.
B,Reading,5,pq-mock-b-r5-5,B1,lexico-grammatical cloze,for,NONE,B1,B1,NONE,YES,PASS,FAIL,REJECTED_FOR_REVISION,False,Cross-mock Reading originality insufficient (aligned similarity 1.00); B/C are shallow-template variants of an earlier form and require independent rewriting for production.
B,Reading,5,pq-mock-b-r5-6,B1,lexico-grammatical cloze,made,NONE,B1,B1,NONE,YES,PASS,FAIL,REJECTED_FOR_REVISION,False,Cross-mock Reading originality insufficient (aligned similarity 1.00); B/C are shallow-template variants of an earlier form and require independent rewriting for production. | Sentence is unnatural/incorrect: “has made more confident speakers of us”; target should be rewritten (e.g. “has made us more confident speakers”).
B,Reading,6,pq-mock-b-r6-1,B1,open cloze grammar and cohesion,in,NONE,B1,B1,NONE,YES,PASS,FAIL,REJECTED_FOR_REVISION,False,Cross-mock Reading originality insufficient (aligned similarity 0.89); B/C are shallow-template variants of an earlier form and require independent rewriting for production.
B,Reading,6,pq-mock-b-r6-2,B1,open cloze grammar and cohesion,a,NONE,B1,B1,NONE,YES,PASS,FAIL,REJECTED_FOR_REVISION,False,Cross-mock Reading originality insufficient (aligned similarity 0.87); B/C are shallow-template variants of an earlier form and require independent rewriting for production.
B,Reading,6,pq-mock-b-r6-3,B1,open cloze grammar and cohesion,so,NONE,B1,B1,NONE,YES,PASS,FAIL,REJECTED_FOR_REVISION,False,Cross-mock Reading originality insufficient (aligned similarity 1.00); B/C are shallow-template variants of an earlier form and require independent rewriting for production.
B,Reading,6,pq-mock-b-r6-4,B1,open cloze grammar and cohesion,many,NONE,B1,B1,NONE,YES,PASS,FAIL,REJECTED_FOR_REVISION,False,Cross-mock Reading originality insufficient (aligned similarity 0.86); B/C are shallow-template variants of an earlier form and require independent rewriting for production.
B,Reading,6,pq-mock-b-r6-5,B1,open cloze grammar and cohesion,which,NONE,B1,B1,NONE,YES,PASS,FAIL,REJECTED_FOR_REVISION,False,Cross-mock Reading originality insufficient (aligned similarity 1.00); B/C are shallow-template variants of an earlier form and require independent rewriting for production.
B,Reading,6,pq-mock-b-r6-6,B1,open cloze grammar and cohesion,at,NONE,B1,B1,NONE,YES,PASS,FAIL,REJECTED_FOR_REVISION,False,Cross-mock Reading originality insufficient (aligned similarity 0.84); B/C are shallow-template variants of an earlier form and require independent rewriting for production.
B,Listening,1,pq-mock-b-l1-1,B1,specific information and corrected information,seven forty,NONE,B1,B1,NONE,YES,PASS,PASS,APPROVED_INTERNAL_QA,True,No blocking issue found in the two internal audit passes.
B,Listening,1,pq-mock-b-l1-2,B1,specific information and corrected information,two twenty,NONE,B1,B1,NONE,YES,PASS,PASS,APPROVED_INTERNAL_QA,True,No blocking issue found in the two internal audit passes.
B,Listening,1,pq-mock-b-l1-3,B1,specific information and corrected information,two twenty,NONE,B1,B1,NONE,YES,PASS,PASS,APPROVED_INTERNAL_QA,True,No blocking issue found in the two internal audit passes.
B,Listening,1,pq-mock-b-l1-4,B1,specific information and corrected information,nine fifteen,NONE,B1,B1,NONE,YES,PASS,PASS,APPROVED_INTERNAL_QA,True,No blocking issue found in the two internal audit passes.
B,Listening,1,pq-mock-b-l1-5,B1,specific information and corrected information,eleven forty-five,NONE,B1,B1,NONE,YES,PASS,PASS,APPROVED_INTERNAL_QA,True,No blocking issue found in the two internal audit passes.
B,Listening,1,pq-mock-b-l1-6,B1,specific information and corrected information,six fifteen,NONE,B1,B1,NONE,YES,PASS,PASS,APPROVED_INTERNAL_QA,True,No blocking issue found in the two internal audit passes.
B,Listening,1,pq-mock-b-l1-7,B1,specific information and corrected information,ten thirty,NONE,B1,B1,NONE,YES,PASS,PASS,APPROVED_INTERNAL_QA,True,No blocking issue found in the two internal audit passes.
B,Listening,2,pq-mock-b-l2-1,B1,detailed comprehension and decision,have a picnic,NONE,B1,B1,NONE,YES,PASS,FAIL,REJECTED_FOR_REVISION,False,Listening Part 2 transcript is mechanically templated and contains implausible activity/location combinations; naturalness and distractor quality are below production standard. | Answer-position bias: every Part 2 item in this mock uses option B as the key.
B,Listening,2,pq-mock-b-l2-2,B1,detailed comprehension and decision,join a photography club,NONE,B1,B1,NONE,YES,PASS,FAIL,REJECTED_FOR_REVISION,False,Listening Part 2 transcript is mechanically templated and contains implausible activity/location combinations; naturalness and distractor quality are below production standard. | Answer-position bias: every Part 2 item in this mock uses option B as the key.
B,Listening,2,pq-mock-b-l2-3,B1,detailed comprehension and decision,play basketball,NONE,B1,B1,NONE,YES,PASS,FAIL,REJECTED_FOR_REVISION,False,Listening Part 2 transcript is mechanically templated and contains implausible activity/location combinations; naturalness and distractor quality are below production standard. | Answer-position bias: every Part 2 item in this mock uses option B as the key.
B,Listening,2,pq-mock-b-l2-4,B1,detailed comprehension and decision,play basketball,NONE,B1,B1,NONE,YES,PASS,FAIL,REJECTED_FOR_REVISION,False,Listening Part 2 transcript is mechanically templated and contains implausible activity/location combinations; naturalness and distractor quality are below production standard. | Answer-position bias: every Part 2 item in this mock uses option B as the key.
B,Listening,2,pq-mock-b-l2-5,B1,detailed comprehension and decision,join a photography club,NONE,B1,B1,NONE,YES,PASS,FAIL,REJECTED_FOR_REVISION,False,Listening Part 2 transcript is mechanically templated and contains implausible activity/location combinations; naturalness and distractor quality are below production standard. | Answer-position bias: every Part 2 item in this mock uses option B as the key.
B,Listening,2,pq-mock-b-l2-6,B1,detailed comprehension and decision,join a photography club,NONE,B1,B1,NONE,YES,PASS,FAIL,REJECTED_FOR_REVISION,False,Listening Part 2 transcript is mechanically templated and contains implausible activity/location combinations; naturalness and distractor quality are below production standard. | Answer-position bias: every Part 2 item in this mock uses option B as the key.
B,Listening,3,pq-mock-b-l3-1,B1,specific information and spelling,Sunday,NONE,B1,B1,NONE,YES,PASS,PASS,APPROVED_INTERNAL_QA,True,No blocking issue found in the two internal audit passes.
B,Listening,3,pq-mock-b-l3-2,B1,specific information and spelling,eleven forty-five,NONE,B1,B1,NONE,YES,PASS,PASS,APPROVED_INTERNAL_QA,True,No blocking issue found in the two internal audit passes.
B,Listening,3,pq-mock-b-l3-3,B1,specific information and spelling,five pounds fifty,NONE,B1,B1,NONE,YES,PASS,PASS,APPROVED_INTERNAL_QA,True,No blocking issue found in the two internal audit passes.
B,Listening,3,pq-mock-b-l3-4,B1,specific information and spelling,notebook,NONE,B1,B1,NONE,YES,PASS,PASS,APPROVED_INTERNAL_QA,True,No blocking issue found in the two internal audit passes.
B,Listening,3,pq-mock-b-l3-5,B1,specific information and spelling,practise music,NONE,B1,B1,NONE,YES,PASS,PASS,APPROVED_INTERNAL_QA,True,No blocking issue found in the two internal audit passes.
B,Listening,3,pq-mock-b-l3-6,B1,specific information and spelling,Friday,NONE,B1,B1,NONE,YES,PASS,PASS,APPROVED_INTERNAL_QA,True,No blocking issue found in the two internal audit passes.
B,Listening,4,pq-mock-b-l4-1,B1,"attitude, opinion and detail",visit the museum,NONE,B1,B1,NONE,YES,PASS,FAIL,REJECTED_FOR_REVISION,False,"Interview contains semantically weak or illogical causal statements, so the spoken discourse is not natural enough for a production PET mock. | Answer-position bias: every Part 4 item in this mock uses option A as the key."
B,Listening,4,pq-mock-b-l4-2,B1,"attitude, opinion and detail",More confident,NONE,B1,B1,NONE,YES,PASS,FAIL,REJECTED_FOR_REVISION,False,"Interview contains semantically weak or illogical causal statements, so the spoken discourse is not natural enough for a production PET mock. | Answer-position bias: every Part 4 item in this mock uses option A as the key."
B,Listening,4,pq-mock-b-l4-3,B1,"attitude, opinion and detail",Yes,NONE,B1,B1,NONE,YES,PASS,FAIL,REJECTED_FOR_REVISION,False,"Interview contains semantically weak or illogical causal statements, so the spoken discourse is not natural enough for a production PET mock. | Answer-position bias: every Part 4 item in this mock uses option A as the key."
B,Listening,4,pq-mock-b-l4-4,B1,"attitude, opinion and detail",have a picnic,NONE,B1,B1,NONE,YES,PASS,FAIL,REJECTED_FOR_REVISION,False,"Interview contains semantically weak or illogical causal statements, so the spoken discourse is not natural enough for a production PET mock. | Answer-position bias: every Part 4 item in this mock uses option A as the key."
B,Listening,4,pq-mock-b-l4-5,B1,"attitude, opinion and detail",cinema,NONE,B1,B1,NONE,YES,PASS,FAIL,REJECTED_FOR_REVISION,False,"Interview contains semantically weak or illogical causal statements, so the spoken discourse is not natural enough for a production PET mock. | Answer-position bias: every Part 4 item in this mock uses option A as the key."
B,Listening,4,pq-mock-b-l4-6,B1,"attitude, opinion and detail",Mostly positive,NONE,B1,B1,NONE,YES,PASS,FAIL,REJECTED_FOR_REVISION,False,"Interview contains semantically weak or illogical causal statements, so the spoken discourse is not natural enough for a production PET mock. | Answer-position bias: every Part 4 item in this mock uses option A as the key."
B,Writing,1,pq-mock-b-w1,B1,communicative writing task,,NONE,B1,B1,NONE,N/A,PASS,FAIL,REJECTED_FOR_REVISION,False,Part 1 lacks the full email stimulus/notes interaction expected for strict exam fidelity; current task is a summarized instruction rather than a complete input email with response points. | Cross-mock Writing originality insufficient (aligned similarity 0.84); task is a name/location/template variation and requires an independent prompt.
B,Writing,2,pq-mock-b-w2,B1,communicative writing task,,NONE,B1,B1,NONE,N/A,PASS,FAIL,REJECTED_FOR_REVISION,False,Cross-mock Writing originality insufficient (aligned similarity 0.56); task is a name/location/template variation and requires an independent prompt.
B,Speaking,1,pq-mock-b-s1,B1,personal interview responses,,NONE,B1,B1,NONE,N/A,PASS,FAIL,REJECTED_FOR_REVISION,False,Cross-mock Speaking originality insufficient (similarity 1.00); duplicated or shallow-template set.
B,Speaking,2,pq-mock-b-s2,B1,extended turn describing a photograph,,NONE,B1,B1,NONE,N/A,FAIL,PASS,REJECTED_FOR_REVISION,False,Part 2 requires a reviewed photo stimulus but no concrete photo_asset is attached.
B,Speaking,3,pq-mock-b-s3,B1,collaborative interaction and negotiation,,NONE,B1,B1,NONE,N/A,PASS,FAIL,REJECTED_FOR_REVISION,False,Part 3 production mock needs reviewed visual stimulus/options; current task only supplies a text list to the simulator.
B,Speaking,4,pq-mock-b-s4,B1,extended discussion,,NONE,B1,B1,NONE,N/A,PASS,FAIL,REJECTED_FOR_REVISION,False,Cross-mock Speaking originality insufficient (similarity 1.00); duplicated or shallow-template set.
C,Reading,1,pq-mock-c-r1-1,B1,short message comprehension,Get a key from reception,NONE,B1,B1,NONE,YES,PASS,FAIL,REJECTED_FOR_REVISION,False,Cross-mock Reading originality insufficient (aligned similarity 1.00); B/C are shallow-template variants of an earlier form and require independent rewriting for production.
C,Reading,1,pq-mock-c-r1-2,B1,short message comprehension,The usual room is unavailable,NONE,B1,B1,NONE,YES,PASS,FAIL,REJECTED_FOR_REVISION,False,Cross-mock Reading originality insufficient (aligned similarity 1.00); B/C are shallow-template variants of an earlier form and require independent rewriting for production.
C,Reading,1,pq-mock-c-r1-3,B1,short message comprehension,Lunch,NONE,B1,B1,NONE,YES,PASS,FAIL,REJECTED_FOR_REVISION,False,Cross-mock Reading originality insufficient (aligned similarity 1.00); B/C are shallow-template variants of an earlier form and require independent rewriting for production.
C,Reading,1,pq-mock-c-r1-4,B1,short message comprehension,The swimming pool,NONE,B1,B1,NONE,YES,PASS,FAIL,REJECTED_FOR_REVISION,False,Cross-mock Reading originality insufficient (aligned similarity 1.00); B/C are shallow-template variants of an earlier form and require independent rewriting for production.
C,Reading,1,pq-mock-c-r1-5,B1,short message comprehension,5:30,NONE,B1,B1,NONE,YES,PASS,FAIL,REJECTED_FOR_REVISION,False,Cross-mock Reading originality insufficient (aligned similarity 1.00); B/C are shallow-template variants of an earlier form and require independent rewriting for production.
C,Reading,2,pq-mock-c-r2-1,B1,matching specific needs to texts,A,NONE,B1,B1,NONE,YES,PASS,FAIL,REJECTED_FOR_REVISION,False,Cross-mock Reading originality insufficient (aligned similarity 0.99); B/C are shallow-template variants of an earlier form and require independent rewriting for production.
C,Reading,2,pq-mock-c-r2-2,B1,matching specific needs to texts,B,NONE,B1,B1,NONE,YES,PASS,FAIL,REJECTED_FOR_REVISION,False,Cross-mock Reading originality insufficient (aligned similarity 0.99); B/C are shallow-template variants of an earlier form and require independent rewriting for production.
C,Reading,2,pq-mock-c-r2-3,B1,matching specific needs to texts,C,NONE,B1,B1,NONE,YES,PASS,FAIL,REJECTED_FOR_REVISION,False,Cross-mock Reading originality insufficient (aligned similarity 0.99); B/C are shallow-template variants of an earlier form and require independent rewriting for production.
C,Reading,2,pq-mock-c-r2-4,B1,matching specific needs to texts,D,NONE,B1,B1,NONE,YES,PASS,FAIL,REJECTED_FOR_REVISION,False,Cross-mock Reading originality insufficient (aligned similarity 0.99); B/C are shallow-template variants of an earlier form and require independent rewriting for production.
C,Reading,2,pq-mock-c-r2-5,B1,matching specific needs to texts,E,NONE,B1,B1,NONE,YES,PASS,FAIL,REJECTED_FOR_REVISION,False,Cross-mock Reading originality insufficient (aligned similarity 0.99); B/C are shallow-template variants of an earlier form and require independent rewriting for production.
C,Reading,3,pq-mock-c-r3-1,B1,detailed comprehension,A survey showed demand for a calm area,NONE,B1,B1,NONE,YES,PASS,FAIL,REJECTED_FOR_REVISION,False,Cross-mock Reading originality insufficient (aligned similarity 0.86); B/C are shallow-template variants of an earlier form and require independent rewriting for production.
C,Reading,3,pq-mock-c-r3-2,B1,detailed comprehension,They repaired existing benches,NONE,B1,B1,NONE,YES,PASS,FAIL,REJECTED_FOR_REVISION,False,Cross-mock Reading originality insufficient (aligned similarity 0.06); B/C are shallow-template variants of an earlier form and require independent rewriting for production.
C,Reading,3,pq-mock-c-r3-3,B1,detailed comprehension,The rule about phones,NONE,B1,B1,NONE,YES,PASS,FAIL,REJECTED_FOR_REVISION,False,Cross-mock Reading originality insufficient (aligned similarity 0.88); B/C are shallow-template variants of an earlier form and require independent rewriting for production.
C,Reading,3,pq-mock-c-r3-4,B1,detailed comprehension,How different age groups used it together,NONE,B1,B1,NONE,YES,PASS,FAIL,REJECTED_FOR_REVISION,False,Cross-mock Reading originality insufficient (aligned similarity 0.88); B/C are shallow-template variants of an earlier form and require independent rewriting for production.
C,Reading,3,pq-mock-c-r3-5,B1,detailed comprehension,A covered book box,NONE,B1,B1,NONE,YES,PASS,FAIL,REJECTED_FOR_REVISION,False,Cross-mock Reading originality insufficient (aligned similarity 0.85); B/C are shallow-template variants of an earlier form and require independent rewriting for production.
C,Reading,4,pq-mock-c-r4-1,B1,text cohesion and global coherence,C,NONE,B1,B1,NONE,YES,PASS,FAIL,REJECTED_FOR_REVISION,False,Cross-mock Reading originality insufficient (aligned similarity 1.00); B/C are shallow-template variants of an earlier form and require independent rewriting for production.
C,Reading,4,pq-mock-c-r4-2,B1,text cohesion and global coherence,D,NONE,B1,B1,NONE,YES,PASS,FAIL,REJECTED_FOR_REVISION,False,Cross-mock Reading originality insufficient (aligned similarity 1.00); B/C are shallow-template variants of an earlier form and require independent rewriting for production.
C,Reading,4,pq-mock-c-r4-3,B1,text cohesion and global coherence,A,NONE,B1,B1,NONE,YES,PASS,FAIL,REJECTED_FOR_REVISION,False,Cross-mock Reading originality insufficient (aligned similarity 1.00); B/C are shallow-template variants of an earlier form and require independent rewriting for production.
C,Reading,4,pq-mock-c-r4-4,B1,text cohesion and global coherence,F,NONE,B1,B1,NONE,YES,PASS,FAIL,REJECTED_FOR_REVISION,False,Cross-mock Reading originality insufficient (aligned similarity 1.00); B/C are shallow-template variants of an earlier form and require independent rewriting for production.
C,Reading,4,pq-mock-c-r4-5,B1,text cohesion and global coherence,H,NONE,B1,B1,NONE,YES,PASS,FAIL,REJECTED_FOR_REVISION,False,Cross-mock Reading originality insufficient (aligned similarity 1.00); B/C are shallow-template variants of an earlier form and require independent rewriting for production.
C,Reading,5,pq-mock-c-r5-1,B1,lexico-grammatical cloze,make,NONE,B1,B1,NONE,YES,PASS,FAIL,REJECTED_FOR_REVISION,False,Cross-mock Reading originality insufficient (aligned similarity 1.00); B/C are shallow-template variants of an earlier form and require independent rewriting for production.
C,Reading,5,pq-mock-c-r5-2,B1,lexico-grammatical cloze,so,NONE,B1,B1,NONE,YES,PASS,FAIL,REJECTED_FOR_REVISION,False,Cross-mock Reading originality insufficient (aligned similarity 1.00); B/C are shallow-template variants of an earlier form and require independent rewriting for production.
C,Reading,5,pq-mock-c-r5-3,B1,lexico-grammatical cloze,suggest,NONE,B1,B1,NONE,YES,PASS,FAIL,REJECTED_FOR_REVISION,False,Cross-mock Reading originality insufficient (aligned similarity 1.00); B/C are shallow-template variants of an earlier form and require independent rewriting for production.
C,Reading,5,pq-mock-c-r5-4,B1,lexico-grammatical cloze,important,NONE,B1,B1,NONE,YES,PASS,FAIL,REJECTED_FOR_REVISION,False,Cross-mock Reading originality insufficient (aligned similarity 1.00); B/C are shallow-template variants of an earlier form and require independent rewriting for production.
C,Reading,5,pq-mock-c-r5-5,B1,lexico-grammatical cloze,for,NONE,B1,B1,NONE,YES,PASS,FAIL,REJECTED_FOR_REVISION,False,Cross-mock Reading originality insufficient (aligned similarity 1.00); B/C are shallow-template variants of an earlier form and require independent rewriting for production.
C,Reading,5,pq-mock-c-r5-6,B1,lexico-grammatical cloze,made,NONE,B1,B1,NONE,YES,PASS,FAIL,REJECTED_FOR_REVISION,False,Cross-mock Reading originality insufficient (aligned similarity 1.00); B/C are shallow-template variants of an earlier form and require independent rewriting for production. | Sentence is unnatural/incorrect: “has made more confident speakers of us”; target should be rewritten (e.g. “has made us more confident speakers”).
C,Reading,6,pq-mock-c-r6-1,B1,open cloze grammar and cohesion,in,NONE,B1,B1,NONE,YES,PASS,FAIL,REJECTED_FOR_REVISION,False,Cross-mock Reading originality insufficient (aligned similarity 0.89); B/C are shallow-template variants of an earlier form and require independent rewriting for production.
C,Reading,6,pq-mock-c-r6-2,B1,open cloze grammar and cohesion,a,NONE,B1,B1,NONE,YES,PASS,FAIL,REJECTED_FOR_REVISION,False,Cross-mock Reading originality insufficient (aligned similarity 0.86); B/C are shallow-template variants of an earlier form and require independent rewriting for production. | Unnatural adjective order: “second-hand small telescope”; rewrite as “small second-hand telescope”.
C,Reading,6,pq-mock-c-r6-3,B1,open cloze grammar and cohesion,so,NONE,B1,B1,NONE,YES,PASS,FAIL,REJECTED_FOR_REVISION,False,Cross-mock Reading originality insufficient (aligned similarity 1.00); B/C are shallow-template variants of an earlier form and require independent rewriting for production.
C,Reading,6,pq-mock-c-r6-4,B1,open cloze grammar and cohesion,many,NONE,B1,B1,NONE,YES,PASS,FAIL,REJECTED_FOR_REVISION,False,Cross-mock Reading originality insufficient (aligned similarity 0.86); B/C are shallow-template variants of an earlier form and require independent rewriting for production.
C,Reading,6,pq-mock-c-r6-5,B1,open cloze grammar and cohesion,which,NONE,B1,B1,NONE,YES,PASS,FAIL,REJECTED_FOR_REVISION,False,Cross-mock Reading originality insufficient (aligned similarity 1.00); B/C are shallow-template variants of an earlier form and require independent rewriting for production.
C,Reading,6,pq-mock-c-r6-6,B1,open cloze grammar and cohesion,at,NONE,B1,B1,NONE,YES,PASS,FAIL,REJECTED_FOR_REVISION,False,Cross-mock Reading originality insufficient (aligned similarity 0.88); B/C are shallow-template variants of an earlier form and require independent rewriting for production.
C,Listening,1,pq-mock-c-l1-1,B1,specific information and corrected information,half past one,NONE,B1,B1,NONE,YES,PASS,PASS,APPROVED_INTERNAL_QA,True,No blocking issue found in the two internal audit passes.
C,Listening,1,pq-mock-c-l1-2,B1,specific information and corrected information,quarter to four,NONE,B1,B1,NONE,YES,PASS,PASS,APPROVED_INTERNAL_QA,True,No blocking issue found in the two internal audit passes.
C,Listening,1,pq-mock-c-l1-3,B1,specific information and corrected information,quarter to four,NONE,B1,B1,NONE,YES,PASS,PASS,APPROVED_INTERNAL_QA,True,No blocking issue found in the two internal audit passes.
C,Listening,1,pq-mock-c-l1-4,B1,specific information and corrected information,quarter to four,NONE,B1,B1,NONE,YES,PASS,PASS,APPROVED_INTERNAL_QA,True,No blocking issue found in the two internal audit passes.
C,Listening,1,pq-mock-c-l1-5,B1,specific information and corrected information,nine fifteen,NONE,B1,B1,NONE,YES,PASS,PASS,APPROVED_INTERNAL_QA,True,No blocking issue found in the two internal audit passes.
C,Listening,1,pq-mock-c-l1-6,B1,specific information and corrected information,eleven forty-five,NONE,B1,B1,NONE,YES,PASS,PASS,APPROVED_INTERNAL_QA,True,No blocking issue found in the two internal audit passes.
C,Listening,1,pq-mock-c-l1-7,B1,specific information and corrected information,ten thirty,NONE,B1,B1,NONE,YES,PASS,PASS,APPROVED_INTERNAL_QA,True,No blocking issue found in the two internal audit passes.
C,Listening,2,pq-mock-c-l2-1,B1,detailed comprehension and decision,watch a film,NONE,B1,B1,NONE,YES,PASS,FAIL,REJECTED_FOR_REVISION,False,Listening Part 2 transcript is mechanically templated and contains implausible activity/location combinations; naturalness and distractor quality are below production standard. | Answer-position bias: every Part 2 item in this mock uses option B as the key.
C,Listening,2,pq-mock-c-l2-2,B1,detailed comprehension and decision,go cycling,NONE,B1,B1,NONE,YES,PASS,FAIL,REJECTED_FOR_REVISION,False,Listening Part 2 transcript is mechanically templated and contains implausible activity/location combinations; naturalness and distractor quality are below production standard. | Answer-position bias: every Part 2 item in this mock uses option B as the key.
C,Listening,2,pq-mock-c-l2-3,B1,detailed comprehension and decision,practise music,NONE,B1,B1,NONE,YES,PASS,FAIL,REJECTED_FOR_REVISION,False,Listening Part 2 transcript is mechanically templated and contains implausible activity/location combinations; naturalness and distractor quality are below production standard. | Answer-position bias: every Part 2 item in this mock uses option B as the key.
C,Listening,2,pq-mock-c-l2-4,B1,detailed comprehension and decision,study together,NONE,B1,B1,NONE,YES,PASS,FAIL,REJECTED_FOR_REVISION,False,Listening Part 2 transcript is mechanically templated and contains implausible activity/location combinations; naturalness and distractor quality are below production standard. | Answer-position bias: every Part 2 item in this mock uses option B as the key.
C,Listening,2,pq-mock-c-l2-5,B1,detailed comprehension and decision,have a picnic,NONE,B1,B1,NONE,YES,PASS,FAIL,REJECTED_FOR_REVISION,False,Listening Part 2 transcript is mechanically templated and contains implausible activity/location combinations; naturalness and distractor quality are below production standard. | Answer-position bias: every Part 2 item in this mock uses option B as the key.
C,Listening,2,pq-mock-c-l2-6,B1,detailed comprehension and decision,have a picnic,NONE,B1,B1,NONE,YES,PASS,FAIL,REJECTED_FOR_REVISION,False,Listening Part 2 transcript is mechanically templated and contains implausible activity/location combinations; naturalness and distractor quality are below production standard. | Answer-position bias: every Part 2 item in this mock uses option B as the key.
C,Listening,3,pq-mock-c-l3-1,B1,specific information and spelling,Saturday,NONE,B1,B1,NONE,YES,PASS,PASS,APPROVED_INTERNAL_QA,True,No blocking issue found in the two internal audit passes.
C,Listening,3,pq-mock-c-l3-2,B1,specific information and spelling,eleven forty-five,NONE,B1,B1,NONE,YES,PASS,PASS,APPROVED_INTERNAL_QA,True,No blocking issue found in the two internal audit passes.
C,Listening,3,pq-mock-c-l3-3,B1,specific information and spelling,ten pounds,NONE,B1,B1,NONE,YES,PASS,PASS,APPROVED_INTERNAL_QA,True,No blocking issue found in the two internal audit passes.
C,Listening,3,pq-mock-c-l3-4,B1,specific information and spelling,notebook,NONE,B1,B1,NONE,YES,PASS,PASS,APPROVED_INTERNAL_QA,True,No blocking issue found in the two internal audit passes.
C,Listening,3,pq-mock-c-l3-5,B1,specific information and spelling,watch a film,NONE,B1,B1,NONE,YES,PASS,PASS,APPROVED_INTERNAL_QA,True,No blocking issue found in the two internal audit passes.
C,Listening,3,pq-mock-c-l3-6,B1,specific information and spelling,Friday,NONE,B1,B1,NONE,YES,PASS,PASS,APPROVED_INTERNAL_QA,True,No blocking issue found in the two internal audit passes.
C,Listening,4,pq-mock-c-l4-1,B1,"attitude, opinion and detail",meet at the library,NONE,B1,B1,NONE,YES,PASS,FAIL,REJECTED_FOR_REVISION,False,"Interview contains semantically weak or illogical causal statements, so the spoken discourse is not natural enough for a production PET mock. | Answer-position bias: every Part 4 item in this mock uses option A as the key."
C,Listening,4,pq-mock-c-l4-2,B1,"attitude, opinion and detail",More confident,NONE,B1,B1,NONE,YES,PASS,FAIL,REJECTED_FOR_REVISION,False,"Interview contains semantically weak or illogical causal statements, so the spoken discourse is not natural enough for a production PET mock. | Answer-position bias: every Part 4 item in this mock uses option A as the key."
C,Listening,4,pq-mock-c-l4-3,B1,"attitude, opinion and detail",Yes,NONE,B1,B1,NONE,YES,PASS,FAIL,REJECTED_FOR_REVISION,False,"Interview contains semantically weak or illogical causal statements, so the spoken discourse is not natural enough for a production PET mock. | Answer-position bias: every Part 4 item in this mock uses option A as the key."
C,Listening,4,pq-mock-c-l4-4,B1,"attitude, opinion and detail",join a photography club,NONE,B1,B1,NONE,YES,PASS,FAIL,REJECTED_FOR_REVISION,False,"Interview contains semantically weak or illogical causal statements, so the spoken discourse is not natural enough for a production PET mock. | Answer-position bias: every Part 4 item in this mock uses option A as the key."
C,Listening,4,pq-mock-c-l4-5,B1,"attitude, opinion and detail",park,NONE,B1,B1,NONE,YES,PASS,FAIL,REJECTED_FOR_REVISION,False,"Interview contains semantically weak or illogical causal statements, so the spoken discourse is not natural enough for a production PET mock. | Answer-position bias: every Part 4 item in this mock uses option A as the key."
C,Listening,4,pq-mock-c-l4-6,B1,"attitude, opinion and detail",Mostly positive,NONE,B1,B1,NONE,YES,PASS,FAIL,REJECTED_FOR_REVISION,False,"Interview contains semantically weak or illogical causal statements, so the spoken discourse is not natural enough for a production PET mock. | Answer-position bias: every Part 4 item in this mock uses option A as the key."
C,Writing,1,pq-mock-c-w1,B1,communicative writing task,,NONE,B1,B1,NONE,N/A,PASS,FAIL,REJECTED_FOR_REVISION,False,Part 1 lacks the full email stimulus/notes interaction expected for strict exam fidelity; current task is a summarized instruction rather than a complete input email with response points. | Cross-mock Writing originality insufficient (aligned similarity 0.94); task is a name/location/template variation and requires an independent prompt.
C,Writing,2,pq-mock-c-w2,B1,communicative writing task,,NONE,B1,B1,NONE,N/A,PASS,FAIL,REJECTED_FOR_REVISION,False,Cross-mock Writing originality insufficient (aligned similarity 0.55); task is a name/location/template variation and requires an independent prompt.
C,Speaking,1,pq-mock-c-s1,B1,personal interview responses,,NONE,B1,B1,NONE,N/A,PASS,FAIL,REJECTED_FOR_REVISION,False,Cross-mock Speaking originality insufficient (similarity 1.00); duplicated or shallow-template set.
C,Speaking,2,pq-mock-c-s2,B1,extended turn describing a photograph,,NONE,B1,B1,NONE,N/A,FAIL,PASS,REJECTED_FOR_REVISION,False,Part 2 requires a reviewed photo stimulus but no concrete photo_asset is attached.
C,Speaking,3,pq-mock-c-s3,B1,collaborative interaction and negotiation,,NONE,B1,B1,NONE,N/A,PASS,FAIL,REJECTED_FOR_REVISION,False,Part 3 production mock needs reviewed visual stimulus/options; current task only supplies a text list to the simulator.
C,Speaking,4,pq-mock-c-s4,B1,extended discussion,,NONE,B1,B1,NONE,N/A,PASS,FAIL,REJECTED_FOR_REVISION,False,Cross-mock Speaking originality insufficient (similarity 1.00); duplicated or shallow-template set.
